timestamp,H_obs,H_rf_t1,H_rf_t2,H_rf_t3
2021-06-14,0.416,0.43465170904252726,0.4581925276582038,0.5083764057405449
2021-06-15,0.407,0.4221879268896954,0.44699600041820525,0.41484814371232503
2021-06-16,0.401,0.41854838164245883,0.4331080585521078,0.3888280016101462
2021-06-17,0.397,0.39881268208507153,0.4258853542804807,0.3890191134786698
2021-06-18,0.499,0.46630240771290077,0.515147662200545,0.43819300594282296
2021-06-19,0.517,0.6186876112567632,0.7210989156065414,0.7198981511654732
2021-06-20,0.544,0.5844677891373978,0.6101690065740485,0.4824522671360891
2021-06-21,0.581,0.5944321253375534,0.6153573875406525,0.47138727857717205
2021-06-22,0.518,0.5655356045465502,0.5449661442270964,0.5285288567382426
2021-06-23,0.477,0.513113968962818,0.5187305982499135,0.5301001657865089
2021-06-24,0.444,0.48301713282641,0.5023023930311943,0.5374807940816059
2021-06-25,0.426,0.45789925279159255,0.4834873632766138,0.5040711768848057
2021-06-26,0.47,0.49118066373781466,0.5438151405657252,0.5686259591943351
2021-06-27,0.631,0.5212154251508297,0.6909395368594705,0.7413781231430053
2021-06-28,0.847,0.6909444228116655,0.7772247732162518,0.7273450803167243
2021-06-29,0.89,0.9143245105033642,0.922879785839161,0.8500132094026611
2021-06-30,0.763,0.8608512838125921,0.8454559060708688,0.7853797347735327
2021-07-01,0.666,0.7265645703232961,0.6801987970508853,0.6655406183053063
2021-07-02,0.623,0.6417623945084843,0.6300201717412489,0.6097275129927048
2021-07-03,0.621,0.6396537244628007,0.6251396283414297,0.6109332082472276
2021-07-04,0.621,0.6445100315521468,0.6179472707843626,0.601819788737969
2021-07-05,0.585,0.6277419790206138,0.6053687912159592,0.5978412828042805
2021-07-06,0.538,0.5745514882335588,0.5958621095031471,0.5798608486776787
2021-07-07,0.494,0.5410896646571737,0.5413891688334668,0.53623296876566
2021-07-08,0.49,0.4880826962465638,0.5062988612459758,0.5131700648770816
2021-07-09,0.512,0.5228943434702551,0.5794280581915952,0.558155500228049
2021-07-10,0.493,0.5049878344927129,0.514029875175727,0.5223927799751508
2021-07-11,0.493,0.49204293613290295,0.4949166266484097,0.5164285832722055
2021-07-12,1.401,0.5447690874472749,0.6675618517912535,0.6426262815800551
2021-07-13,3.501,1.4553147433645424,1.3213518509147797,1.0797611826831162
2021-08-09,0.491,0.5390142249107104,0.5172384058417783,0.534121951671275
2021-08-10,0.476,0.5246076292290229,0.5041933710264906,0.5087242410819411
2021-08-11,0.466,0.5117371381922817,0.5008576413199441,0.5016405369566863
2021-08-12,0.457,0.4734279280441784,0.4895225461893258,0.4876984983812205
2021-08-13,0.452,0.4672153865163049,0.4712650908367921,0.4789909020316346
2021-08-14,0.449,0.459208584061815,0.46468620647359365,0.47357948084850043
2021-08-15,0.455,0.4717038613159717,0.4856122868990488,0.4960111475388706
2021-08-16,0.492,0.49674146377029826,0.5330510449308756,0.5028777014547624
2021-08-17,0.509,0.5717432822521263,0.5701825751957756,0.5288340324808871
2021-08-18,0.48,0.5394287461537648,0.5228432711568469,0.5193294636043425
2021-08-19,0.466,0.5175517803968905,0.5051050457944036,0.5188115106887852
2021-08-20,0.477,0.48995531533744036,0.4975521284152484,0.498891857306539
2021-08-21,0.587,0.5784955599515504,0.5864485060157051,0.5662950666644726
2021-08-22,0.596,0.6562239096308105,0.6241489191857975,0.5884503830038068
2021-08-23,0.521,0.5758006982744205,0.5518446058226636,0.5560377914325644
2021-08-24,0.5,0.5333566781927226,0.5189541116259686,0.5210720190776946
2021-08-25,0.5,0.5506712465378407,0.5235708848928873,0.5092919653330898
2021-08-26,0.489,0.5382411573463305,0.5056798587070416,0.5003682675156975
2021-08-27,0.57,0.5896838088746051,0.6358250122446996,0.571845365055431
2021-08-28,0.615,0.6687480624903348,0.6490838169069493,0.6122605706795349
2021-08-29,0.571,0.6207546579056911,0.6069693390638856,0.6229479271056699
2021-08-30,0.53,0.5657661185773079,0.5530299940394015,0.551254959214527
2021-08-31,0.508,0.536047447912382,0.5299013541727191,0.5179803838813494
2021-09-01,0.495,0.5325181346827197,0.5144646544045063,0.5021013166469501
2021-09-02,0.485,0.5293880795095431,0.5067019621138473,0.49450832268174516
2021-09-03,0.472,0.5215823606152837,0.5069747273749747,0.49635781166706605
2021-09-04,0.46,0.47104525461344243,0.47763283358726105,0.4858139607661778
2021-09-05,0.451,0.4621336718694322,0.47057358313751735,0.47824628266882585
2021-09-06,0.443,0.4583734495015223,0.4614187170537538,0.4649369836758514
2021-09-07,0.426,0.45211535008011006,0.44717448202236354,0.4477025037476666
2021-09-08,0.437,0.4490535748071806,0.44209177619140855,0.4444324015360207
2021-09-09,0.473,0.45925616690595705,0.46202866056365394,0.4696589155022515
2021-09-10,0.477,0.5175787393615374,0.49546694342335074,0.5054456812593832
2021-09-11,0.45,0.5144542972203451,0.4959983076486679,0.5171032007176187
2021-09-12,0.444,0.462301599568367,0.48098264093857873,0.4950655426423448
2021-09-13,0.444,0.45285974582325617,0.45896269930029115,0.45050754365423473
2021-09-14,0.504,0.4948060482667917,0.522780160162142,0.5190532376650833
2021-09-15,0.505,0.5382738977899897,0.5181436111603392,0.515136524584665
2021-09-16,0.464,0.5289897106333212,0.5065740537296851,0.5149939818173208
2021-09-17,0.432,0.46115284467579215,0.483895298786935,0.5030634881755834
2021-09-18,0.439,0.4590530865242217,0.47568919918533004,0.4799549268606727
2021-09-19,0.437,0.4599728584953065,0.463954572010888,0.46749089570027247
2021-09-20,0.424,0.4463080572903837,0.4453194702594876,0.4598715740368058
2021-09-21,0.419,0.4373021628935224,0.4148517680513932,0.44674018832577805
2021-09-22,0.414,0.4341892151655966,0.41146454711383407,0.4490277426893068
2021-09-23,0.412,0.4332548138051107,0.4115693838028803,0.4596909516375222
2021-09-24,0.412,0.42778782128374326,0.4162572437186997,0.46183378935372765
2021-09-25,0.412,0.4229276029673372,0.41137440250599083,0.4626621883575016
2021-09-26,0.419,0.43580402574739496,0.4324603121482631,0.4748776805116408
2021-09-27,0.427,0.4385091955883602,0.448366496295522,0.4959044821957025
2021-09-28,0.44,0.48117911526790197,0.5063326470808047,0.5823224653535963
2021-09-29,0.714,0.4513447881608203,0.4464009458289604,0.499354594986388
